Length,Width
30,10
42.5,12.5
27.5,12.5
35,12.5
30,12.5
32.5,15
32.5,12.5
30,17.5
32.5,12.5
32.5,12.5
30,12.5
32.5,10
30,10
30,12.5
32.5,12.5
32.5,12.5
35,12.5
27.5,12.5
30,12.5
27.5,12.5
32.5,12.5
32.5,12.5
32.5,10
35,15
25,10
32.5,10
32.5,10
32.5,10
30,10
35,10
37.5,10
35,12.5
32.5,10
35,10
27.5,10
30,10
30,10
35,12.5
32.5,12.5
32.5,12.5
30,10
25,10
32.5,12.5
37.5,12.5
35,10
32.5,10
32.5,10
32.5,10
30,10
27.5,10
27.5,10
32.5,10
35,10
32.5,10
30,10
